{"rating_price": 0.22154862111093623, "review_price": 0.864885386003441, "beds_price": 0.3699316869422808, "bathrooms_price": 0.09033358446198612, "bedrooms_price": -0.04226790403784184, "superhost_price": 1.1809826864455826e-08}